,model_x,param_fitting
0,0.8421052631578949,0.8315789473684211
1,0.8842105263157896,0.8210526315789475
2,0.8736842105263157,0.8736842105263157
3,0.8210526315789475,0.8105263157894737
4,0.8210526315789473,0.6947368421052632
5,0.8421052631578949,0.8631578947368421
6,0.8526315789473683,0.6526315789473685
7,0.8631578947368421,0.7789473684210526
8,0.8315789473684211,0.7684210526315789
9,0.8210526315789475,0.8
